Ano;Posição;Clube;Vitorias;Empates;Derrotas;Gols_feitos;Gols_sofridos;Saldo;Pontos;Receita_anual;Deficit_ou_Superavit;Qtd_Jogadores;Idade_Media;Estrangeiros;Media_plantel;Valor_plantel;Campeao
2007;20;América-RN;4;5;29;24;80;-56;17;21;2;67;24,4;2;0,032;2,18;0
2007;8;Atlético-MG;15;10;13;63;51;12;55;58,3;-27,5;44;23,9;2;0,29;12,75;0
2007;9;Botafogo;14;13;11;62;58;4;55;41,1;-3,7;58;24,5;2;0,294;17,07;0
2007;17;Corinthians;10;14;14;40;50;-10;44;134,6;-23,2;61;23,3;2;0,411;25,05;0
2007;5;Cruzeiro;18;6;14;73;58;15;60;77,6;-2,8;53;22,4;1;0,256;13,55;0
2007;13;Figueirense;14;11;13;57;56;1;53;18,9;0,4;38;21,8;1;0,109;4,15;0
2007;3;Flamengo;17;10;11;55;49;6;61;89,4;-59,2;42;23,2;2;0,374;15,73;0
2007;4;Fluminense;16;13;9;57;39;18;61;39,3;-139,4;39;23;0;0,527;20,55;0
2007;16;Goiás;13;6;19;49;62;-13;45;39,7;7,8;45;25;2;0,097;4,35;0
2007;6;Grêmio;17;7;14;44;43;1;58;109;14,6;52;23,2;7;0,331;17,2;0
2007;11;Internacional;15;9;14;49;44;5;54;155,8;18,9;68;23,6;8;0,33;22,45;0
2007;18;Juventude;11;8;19;43;65;-22;41;14,9;-11,4;65;23,9;3;0,027;1,75;0
2007;15;Náutico;14;7;17;66;63;3;49;12,4;-12,9;56;24,4;2;0,023;1,3;0
2007;7;Palmeiras;16;10;12;48;47;1;58;86,2;-24,1;44;24;3;0,236;10,38;0
2007;19;Paraná;11;8;19;42;64;-22;41;24,9;-0,3;48;23,6;0;0,098;4,7;0
2007;2;Santos;19;5;14;57;47;10;62;53,1;-36,6;51;24,1;6;0,486;24,8;0
2007;1;São Paulo;23;8;7;55;19;36;77;190;3,8;43;23,4;3;0,47;20,2;1
2007;10;Vasco da Gama;15;9;14;58;47;11;54;51;-9,2;52;23,8;3;0,079;4,1;0
2008;12;Atlético-MG;12;12;14;50;61;-11;48;57,6;-36,4;54;23,2;4;0,114;6,15;0
2008;7;Botafogo;15;8;15;51;44;7;53;51,5;-10,3;49;24,9;3;0,233;11,4;0
2008;9;Coritiba;14;11;13;55;48;7;53;37,6;1;44;23,3;3;0,048;2,1;0
2008;3;Cruzeiro;21;4;13;59;44;15;67;94;-17,4;51;22,9;2;0,254;12,98;0
2008;10;Vitória;15;7;16;48;44;4;52;18,8;-1,4;45;24,1;2;0,022;1;0
2008;17;Figueirense;11;11;16;49;73;-24;44;28,3;-1,5;54;22,9;1;0,178;9,6;0
2008;5;Flamengo;18;10;10;67;48;19;64;117,9;-3,2;40;23,3;4;0,726;29,05;0
2008;14;Fluminense;11;12;15;49;48;1;45;66,4;-43,2;44;22,9;2;0,238;10,45;0
2008;8;Goiás;14;11;13;57;47;10;53;20,6;-19,7;53;25;1;0,053;2,8;0
2008;2;Grêmio;21;9;8;59;35;24;72;99;-10;48;22,8;5;0,254;12,2;0
2008;6;Internacional;15;9;14;48;47;1;54;142,1;-4,4;50;23,7;5;0,911;45,55;0
2008;4;Palmeiras;19;8;11;55;45;10;65;138,8;-9,4;41;23,6;1;0,637;26,1;0
2008;19;Portuguesa;9;11;18;48;70;-22;38;47,1;0,1;46;24,7;1;0,193;8,9;0
2008;15;Santos;11;12;15;44;53;-9;45;65,3;-24,7;53;22,2;7;0,262;13,9;0
2008;1;São Paulo;21;12;5;66;36;30;75;160,5;0,4;56;22,9;2;1,2;67,4;1
2008;18;Vasco da Gama;11;7;20;56;72;-16;40;52;-276,8;63;24;5;0,107;6,75;0
2009;7;Atlético-MG;16;8;14;55;56;-1;56;66,1;-23,2;55;23,2;4;0,459;25,23;0
2009;6;Avaí;15;12;11;61;52;9;57;21;1,6;43;23,4;0;0,041;1,75;0
2009;11;Barueri;12;13;13;59;52;7;49;19,2;-0,6;43;24,2;1;0,052;2,25;0
2009;15;Botafogo;11;14;13;52;58;-6;47;45,8;-11;48;22,6;3;0,452;21,7;0
2009;10;Corinthians;14;10;14;50;54;-4;52;181;5,8;45;23,2;3;1,27;56,95;0
2009;17;Coritiba;12;9;17;48;60;-12;45;41,3;-9,7;44;23,2;4;0,305;13,4;0
2009;4;Cruzeiro;18;8;12;58;53;5;62;121,3;-24,4;46;23,1;3;0,968;44,53;0
2009;13;Vitória;13;9;16;51;57;-6;48;30,4;11,7;51;24,3;3;0,276;14,1;0
2009;1;Flamengo;19;10;9;58;44;14;67;120;-31;49;23,5;5;1,28;62,9;1
2009;16;Fluminense;11;13;14;49;56;-7;46;61,2;-30,2;51;23,1;4;1,12;57,3;0
2009;9;Goiás;15;10;13;64;65;-1;55;30;-19,3;43;23,4;1;0,095;4,1;0
2009;8;Grêmio;15;10;13;67;46;21;55;110,8;-9,8;49;22,5;5;0,628;30,75;0
2009;2;Internacional;19;8;11;65;44;21;65;176,1;8,9;43;24,1;4;1,01;43,4;0
2009;5;Palmeiras;17;11;10;58;45;13;62;125;-41,2;38;23;3;0,866;32,9;0
2009;12;Santos;12;13;13;58;58;0;49;70,3;-44,9;45;24;2;0,849;38,2;0
2009;3;São Paulo;18;11;9;57;42;15;65;174,8;0,4;34;24,1;3;1,2;40,8;0
2010;13;Atlético-MG;13;6;19;52;64;-12;45;93,2;-19,9;66;23,5;7;0,83;54,8;0
2010;15;Avaí;11;10;17;49;58;-9;43;31,9;-0,7;51;22,6;0;0,15;7,65;0
2010;6;Botafogo;14;17;7;54;42;12;59;52,6;-29,4;62;23;4;0,594;36,8;0
2010;3;Corinthians;19;11;8;65;41;24;68;212,6;3,6;43;24,1;5;1,2;51,63;0
2010;2;Cruzeiro;20;9;9;53;38;15;69;101,3;1,1;52;22,9;5;1,07;55,4;0
2010;17;Vitória;9;15;14;42;48;-6;42;42,1;-3,4;70;23,2;2;0,379;26,5;0
2010;14;Flamengo;9;17;12;41;44;-3;44;128,5;-41,9;58;24;6;1,77;102,5;0
2010;1;Fluminense;20;11;7;62;36;26;71;76,8;-41,9;61;23,4;6;1,15;70,05;1
2010;19;Goiás;8;9;21;41;68;-27;33;30,3;-10,6;66;24,3;2;0,432;28,5;0
2010;4;Grêmio;17;12;9;68;43;25;63;113,6;-29,3;45;23,2;1;1,01;45,3;0
2010;18;Guarani;8;13;17;33;53;-20;37;22,9;-6,9;58;23,9;0;0,196;11,35;0
2010;7;Internacional;16;10;12;48;41;7;58;200,7;-2,6;74;23;6;1,18;87,65;0
2010;10;Palmeiras;12;14;12;42;43;-1;50;148,2;-25,5;57;22,2;3;1,1;62,5;0
2010;8;Santos;15;11;12;63;50;13;56;116,5;-8,6;49;21,7;2;1,41;69,2;0
2010;9;São Paulo;15;10;13;54;54;0;55;195,7;0,4;46;24,2;2;2,19;100,55;0
2010;11;Vasco da Gama;11;16;11;43;45;-2;49;83,5;-17,7;55;22,6;2;0,584;32,1;0
2011;15;Atlético-MG;13;6;19;50;60;-10;45;99,8;-36,1;64;24,2;5;1,41;90,5;0
2011;20;Avaí;7;10;21;45;75;-30;31;34,6;-1,3;81;24,2;1;0,46;37,23;0
2011;14;Bahia;11;13;14;43;49;-6;46;36,8;-18,5;56;22,7;1;0,442;24,73;0
2011;9;Botafogo;16;8;14;52;49;3;56;58,9;-166,6;54;21,9;5;0,617;33,3;0
2011;1;Corinthians;21;8;9;53;36;17;71;290,5;5,3;53;23,6;4;1,49;79;1
2011;8;Coritiba;16;9;13;57;41;16;57;66,5;-11,9;44;23,5;2;0,445;19,6;0
2011;16;Cruzeiro;11;10;17;48;51;-3;43;128,7;-13,1;52;23,4;6;1,54;80;0
2011;7;Figueirense;15;13;10;46;45;1;58;40,6;-6,7;46;23,3;3;0,329;15,13;0
2011;4;Flamengo;15;16;7;59;47;12;61;185;-12,4;51;23;4;1,55;79,05;0
2011;3;Fluminense;20;3;15;60;51;9;63;80,2;-34,1;51;23,8;6;1,19;60,8;0
2011;12;Grêmio;13;9;16;49;57;-8;48;143,3;-21;61;23,5;4;1,23;75,3;0
2011;5;Internacional;16;12;10;57;43;14;60;198,2;-23,4;70;23,1;7;1,35;94,75;0
2011;11;Palmeiras;11;17;10;43;39;4;50;148,1;-22,8;49;23,4;2;1,19;58,3;0
2011;10;Santos;15;8;15;55;55;0;53;189,1;7,4;68;22,2;4;1,28;87,25;0
2011;6;São Paulo;16;11;11;57;46;11;59;226,1;0,2;56;22,9;3;1,96;109,55;0
2011;2;Vasco da Gama;19;12;7;57;40;17;69;137,1;4,6;54;23,6;2;0,983;53,1;0
2012;2;Atlético-MG;20;12;6;64;37;27;72;163;-33,2;52;24,8;2;2,12;110;0
2012;15;Bahia;11;14;13;37;41;-4;47;66,6;-3,1;58;23,2;1;0,383;22,23;0
2012;7;Botafogo;15;10;13;60;50;10;55;122,8;-49,3;54;23,1;6;0,806;43,5;0
2012;6;Corinthians;15;12;11;51;39;12;57;358,5;7,5;50;23,6;7;1,63;81,25;0
2012;13;Coritiba;14;6;18;53;60;-7;48;86,8;-9;57;23,4;4;0,49;27,93;0
2012;9;Cruzeiro;15;7;16;47;51;-4;52;120,4;-31;48;24,5;4;1,32;63,25;0
2012;11;Flamengo;12;14;12;39;46;-7;50;212;-60,5;67;23,1;7;1,49;99,9;0
2012;1;Fluminense;22;11;5;61;33;28;77;151,2;-3,7;51;22,7;4;0,9;45,9;1
2012;3;Grêmio;20;11;7;56;33;23;71;233,5;28,2;48;23,6;4;1,44;69;0
2012;10;Internacional;13;13;12;44;40;4;52;264,2;11;71;22,6;6;1,19;84,65;0
2012;12;Náutico;14;7;17;44;51;-7;49;41,1;-0,4;58;23,8;2;0,311;18,05;0
2012;18;Palmeiras;9;7;22;39;54;-15;34;244,6;31,9;64;23,5;3;0,853;54,6;0
2012;16;Portuguesa;10;15;13;39;41;-2;45;50,3;1,4;49;24,7;1;0,46;22,53;0
2012;8;Santos;13;14;11;50;44;6;53;197,8;14,6;57;22,4;7;1,63;92,95;0
2012;4;São Paulo;20;6;12;59;37;22;66;284,1;0,8;52;22,9;5;1,91;99,08;0
2012;17;Sport;10;11;17;39;56;-17;41;79,8;23,5;49;24,1;1;0,411;20,15;0
2012;5;Vasco da Gama;16;10;12;45;44;1;58;146,2;-0,1;63;23,5;3;0,934;58,85;0
2013;8;Atlético-MG;15;12;11;49;38;11;57;227,9;-22,5;49;24,2;1;1,08;52,8;0
2013;12;Bahia;12;12;14;37;45;-8;48;74,4;-113;71;23,6;5;0,372;26,4;0
2013;4;Botafogo;17;10;11;55;41;14;61;154,4;-80,3;59;22,5;4;0,621;36,65;0
2013;10;Corinthians;11;17;10;27;22;5;50;316;1;54;23,4;6;1,78;96,3;0
2013;11;Coritiba;12;12;14;42;45;-3;48;96,7;-6,7;68;23,8;6;0,556;37,83;0
2013;1;Cruzeiro;23;7;8;77;37;40;76;187,9;-22,8;49;24,5;5;1,21;59,5;1
2013;5;Vitória;16;11;11;59;53;6;59;65,1;0,5;63;23,2;5;0,344;21,65;0
2013;16;Flamengo;12;13;13;43;46;-3;45;272,9;-19,5;52;22,6;4;1,02;52,8;0
2013;15;Fluminense;12;10;16;43;47;-4;46;124,8;-3,3;55;22,6;6;1,21;66,65;0
2013;6;Goiás;16;11;11;48;44;4;59;55,5;-7,5;43;23,9;0;0,313;13,45;0
2013;2;Grêmio;18;11;9;42;35;7;65;192,3;-51,5;69;22,9;8;1,2;82,8;0
2013;13;Internacional;11;15;12;51;52;-1;48;276,7;-1;68;23,1;8;1,17;79,7;0
2013;20;Náutico;5;5;28;22;79;-57;20;48,1;-0,7;70;22,5;3;0,254;17,8;0
2013;19;Ponte Preta;9;10;19;37;55;-18;37;45,6;1,4;71;22,6;4;0,189;13,45;0
2013;7;Santos;15;12;11;51;38;13;57;190,3;-40,6;59;22,8;7;1,73;102,35;0
2013;9;São Paulo;14;8;16;39;40;-1;50;364,7;23,5;56;23,1;4;2,01;112,8;0
2013;18;Vasco da Gama;11;11;16;50;61;-11;44;159,7;-3,5;55;24,2;6;0,641;35,25;0
2014;5;Atlético-MG;17;11;10;51;38;13;62;178,9;-48,4;55;24,6;2;1,16;63,85;0
2014;18;Bahia;9;10;19;31;43;-12;37;75,8;-13,7;65;23,7;6;0,328;21,3;0
2014;19;Botafogo;9;7;22;31;48;-17;34;163,4;-174,8;61;23,2;7;0,475;28,95;0
2014;4;Corinthians;19;12;7;49;31;18;69;258,2;-97;44;24,3;6;1,99;87,55;0
2014;14;Coritiba;12;11;15;42;45;-3;47;87,3;-42,9;54;24;6;0,43;23,2;0
2014;20;Criciúma;7;11;20;28;56;-28;32;43,2;0,9;76;24,6;1;0,23;17,45;0
2014;1;Cruzeiro;24;8;6;67;38;29;80;223,2;-38,7;44;24,1;4;0,99;43,55;1
2014;17;Vitória;10;8;20;37;54;-17;38;61,8;0,3;71;23,7;8;0,356;25,3;0
2014;13;Figueirense;13;8;17;37;47;-10;47;41,9;-8,3;51;24;2;0,223;11,35;0
2014;10;Flamengo;14;10;14;46;47;-1;52;347;64,3;56;23;6;0,799;44,75;0
2014;6;Fluminense;17;10;11;61;42;19;61;122,3;-7,1;43;23,1;2;1,13;48,8;0
2014;12;Goiás;13;8;17;38;40;-2;47;66,7;15,1;44;23,3;0;0,141;6,2;0
2014;7;Grêmio;17;10;11;36;24;12;61;216,4;-31,6;63;21,5;6;0,738;46,5;0
2014;3;Internacional;21;6;11;53;41;12;69;221,5;-49,1;60;22,4;5;0,586;35,15;0
2014;16;Palmeiras;11;7;20;34;59;-25;40;247,6;-27,7;55;23,2;8;0,856;47,1;0
2014;9;Santos;15;8;15;42;35;7;53;171,2;-59;49;22,6;6;1,5;73,4;0
2014;2;São Paulo;20;10;8;59;40;19;70;255,3;-100,1;45;24,8;6;3,33;149,65;0
2014;11;Sport;14;10;14;36;46;-10;52;60,8;-8,6;65;24,5;3;0,347;22,58;0
2015;2;Atlético-MG;21;6;11;65;47;18;69;244,6;-11,9;44;25;3;1,16;50,88;0
2015;1;Corinthians;24;9;5;71;31;40;81;298,4;-97;44;23,8;5;1,23;54;1
2015;15;Coritiba;11;11;16;31;42;-11;44;85,6;-16,4;55;23,8;1;0,303;16,65;0
2015;8;Cruzeiro;15;10;13;44;35;9;55;363,8;-25,7;48;24;6;1,35;64,7;0
2015;16;Figueirense;11;10;17;36;50;-14;43;47,5;1;54;23;1;0,264;14,25;0
2015;12;Flamengo;15;4;19;45;53;-8;49;356,2;130,4;43;24,1;7;0,905;38,9;0
2015;13;Fluminense;14;5;19;40;49;-9;47;180,3;31,8;64;23,9;3;0,934;59,8;0
2015;19;Goiás;10;8;20;39;49;-10;38;75,4;25,5;61;23;0;0,13;7,9;0
2015;3;Grêmio;20;8;10;52;32;20;68;192,6;-37,5;56;22,4;7;0,87;48,73;0
2015;5;Internacional;17;9;12;39;38;1;60;297;27,5;57;23,3;5;1,2;68,25;0
2015;9;Palmeiras;15;8;15;60;51;9;53;350,5;10,9;54;23,9;7;1,23;66,45;0
2015;11;Ponte Preta;13;12;13;41;40;1;51;53,7;0,4;65;23,3;0;0,154;10;0
2015;7;Santos;16;10;12;59;41;18;58;169,9;-78,1;46;23;4;0,735;33,83;0
2015;4;São Paulo;18;8;12;53;47;6;62;330,8;-72,5;49;24,1;5;1,86;91,15;0
2015;6;Sport;15;14;9;53;38;15;59;87,6;-26,5;51;23,1;0;0,364;18,55;0
2015;18;Vasco da Gama;10;11;17;28;54;-26;41;189,7;119,8;56;25,1;8;0,541;30,3;0
2016;4;Atlético-MG;17;11;9;61;50;11;62;316,3;2,1;61;22,9;6;0,862;52,6;0
2016;5;Botafogo;17;8;13;43;39;4;59;156,2;-9,2;52;23,6;5;0,329;17,1;0
2016;11;Chapecoense;13;13;11;49;53;-4;52;74,8;6,7;63;25,4;2;0,348;21,9;0
2016;7;Corinthians;15;10;13;48;42;6;55;485,4;31;44;23,2;2;0,77;33,9;0
2016;15;Coritiba;11;13;14;41;42;-1;46;109,5;-11;54;23,4;6;0,373;20,15;0
2016;12;Cruzeiro;14;9;15;48;49;-1;51;238,3;-29,3;51;23,3;8;1,1;56,35;0
2016;16;Vitória;12;9;17;51;53;-2;45;111,9;25,9;41;23,2;4;0,438;17,95;0
2016;18;Figueirense;8;13;17;30;50;-20;37;70,8;2,6;59;23,8;2;0,283;16,7;0
2016;3;Flamengo;20;11;7;52;35;17;71;510;153,4;42;24,3;6;1,47;61,9;0
2016;13;Fluminense;13;11;14;45;45;0;50;293,1;8,3;48;23,7;3;1,16;55,75;0
2016;8;Grêmio;14;11;13;41;44;-3;53;312,6;35,3;55;22,8;4;0,742;40,8;0
2016;17;Internacional;11;10;17;35;41;-6;43;292,6;-11,1;52;23,5;6;0,722;37,53;0
2016;1;Palmeiras;24;8;6;62;32;30;80;497,7;89,5;47;25;5;1,11;51,95;1
2016;2;Santos;22;5;11;59;35;24;71;295,8;54,7;53;22,4;8;0,35;18,53;0
2016;10;São Paulo;14;10;14;44;36;8;52;393,3;0,8;48;23,1;8;1,16;55,7;0
2016;14;Sport;13;8;17;49;55;-6;47;129,5;-0,5;64;23,7;5;0,584;37,4;0
2017;9;Atlético-MG;14;12;12;52;49;3;54;311,3;-25,1;57;23,9;4;1,54;87,93;0
2017;12;Bahia;13;11;14;50;48;2;50;104,8;-8,6;48;23,1;4;0,71;34,1;0
2017;10;Botafogo;14;11;13;45;42;3;53;264,3;53,3;52;23,3;5;0,585;30,4;0
2017;8;Chapecoense;15;9;14;47;49;-2;54;99,8;5,2;62;23;6;0,637;39,48;0
2017;1;Corinthians;21;9;8;50;30;20;72;391,2;-35,1;43;23,5;3;1,31;56,2;1
2017;17;Coritiba;11;10;17;42;51;-9;43;118,9;-8,7;51;24,5;2;0,677;34,53;0
2017;5;Cruzeiro;15;12;11;47;39;8;57;344,3;30,5;50;23,6;6;1,77;88,4;0
2017;16;Vitória;11;10;17;50;58;-8;43;88,1;-59,8;47;24,6;6;0,988;46,45;0
2017;6;Flamengo;15;11;12;49;38;11;56;648,7;159,1;48;23,7;7;1,91;91,45;0
2017;14;Fluminense;11;14;13;50;53;-3;47;229;-67,8;51;22,6;2;0,728;37,15;0
2017;4;Grêmio;18;8;12;55;36;19;62;341,2;2,7;76;22,6;9;0,878;66,75;0
2017;2;Palmeiras;19;6;13;61;45;16;63;531,1;57;48;25,5;4;1,54;73,95;0
2017;19;Ponte Preta;10;9;19;37;52;-15;39;68,7;-5,6;53;24,4;3;0,537;28,48;0
2017;3;Santos;17;12;9;42;32;10;63;287;3,4;47;23,5;5;1,11;52,2;0
2017;13;São Paulo;13;11;14;48;49;-1;50;472;15,1;53;23,6;7;1,86;98,6;0
2017;15;Sport;12;9;17;46;58;-12;45;105,4;-18,3;58;22,3;3;0,814;47,2;0
2017;7;Vasco da Gama;15;11;12;40;47;-7;56;194,9;-18,8;47;24,7;5;0,96;45,1;0
2018;6;Atlético-MG;17;8;13;56;43;13;59;257,9;-21,8;61;23,2;6;1,16;70,95;0
2018;11;Bahia;12;12;14;39;41;-2;48;136,1;4,4;52;23,2;2;0,753;39,15;0
2018;9;Botafogo;13;12;13;38;46;-8;51;182,9;-17,2;46;23;4;0,557;25,6;0
2018;15;Ceará;10;14;14;32;38;-6;44;64,7;3;65;25;2;0,496;32,25;0
2018;14;Chapecoense;11;11;16;34;50;-16;44;80,1;-38,6;57;24,3;5;0,569;32,45;0
2018;13;Corinthians;11;11;16;34;35;-1;44;466,9;-18,7;58;24,1;6;1,09;63,4;0
2018;8;Cruzeiro;14;11;13;34;34;0;53;386,8;-27,2;54;23,6;7;1,23;66,45;0
2018;19;Vitória;9;10;19;36;63;-27;37;88,3;-3,9;65;23,7;8;0,753;48,95;0
2018;2;Flamengo;21;9;8;59;29;30;72;543;45,8;56;22,8;7;1,26;70,68;0
2018;12;Fluminense;12;9;17;32;46;-14;45;297,3;-1,4;68;21,9;4;0,482;32,78;0
2018;4;Grêmio;18;12;8;48;27;21;66;402;54;66;24;3;1,06;69,65;0
2018;3;Internacional;19;12;7;51;29;22;69;293,2;-9,5;53;23,9;7;1,11;59,05;0
2018;1;Palmeiras;23;11;4;64;26;38;80;688,6;30,7;51;24,4;4;1,73;88,28;1
2018;10;Santos;13;11;14;46;40;6;50;217,7;-77,3;52;22,9;5;1,63;84,5;0
2018;5;São Paulo;16;15;7;46;34;12;63;424,5;7,2;57;22,9;5;1,42;80,85;0
2018;17;Sport;11;9;18;35;57;-22;42;104,1;-14,3;60;23,7;2;0,669;40,15;0
2018;16;Vasco da Gama;10;13;15;41;48;-7;43;260,9;64,9;58;23,9;7;0,777;45,08;0
2019;13;Atlético-MG;13;9;16;45;49;-4;48;342,7;-5,8;59;23,5;8;0,846;49,9;0
2019;5;Athletico-PR;18;10;10;51;32;19;64;378,7;63,4;51;22,7;6;0,661;33,7;0
2019;11;Bahia;12;13;13;44;43;1;49;189,5;3,9;59;23,9;1;0,744;43,9;0
2019;15;Botafogo;13;4;21;31;45;-14;43;191,3;-20,8;47;23,3;5;0,704;33,1;0
2019;16;Ceará;10;9;19;36;41;-5;39;98;5,7;48;25,6;1;0,461;22,15;0
2019;19;Chapecoense;7;11;20;31;52;-21;32;79,9;-50,7;58;25,1;2;0,57;33,05;0
2019;8;Corinthians;14;14;10;42;34;8;56;425,7;-177;54;23,5;6;1,13;60,8;0
2019;17;Cruzeiro;7;15;16;27;46;-19;36;280,8;-394,1;46;23,8;4;1,12;51,43;0
2019;1;Flamengo;28;6;4;86;37;49;90;950,4;62,9;48;23,6;7;2,46;118,15;1
2019;14;Fluminense;12;10;16;38;46;-8;46;265,2;-9,3;60;22,9;2;0,664;39,85;0
2019;9;Fortaleza;15;8;15;50;49;1;53;120,4;3,4;48;25,5;4;0,513;24,6;0
2019;10;Goiás;15;7;16;46;64;-18;52;99,3;2,8;61;23,2;2;0,386;23,55;0
2019;4;Grêmio;19;8;11;64;39;25;65;497;22,2;54;23,6;2;1,31;70,75;0
2019;7;Internacional;16;9;13;44;39;5;57;441,3;-3;50;24,4;9;1,23;61,45;0
2019;3;Palmeiras;21;11;6;61;32;29;74;665,5;1,7;55;25,1;4;2,57;141,13;0
2019;2;Santos;22;8;8;60;33;27;74;399,8;23,5;55;23,3;8;1,25;68,88;0
2019;6;São Paulo;17;12;9;39;30;9;63;398;-159,1;62;22,7;5;1,45;90,13;0
2019;12;Vasco da Gama;12;13;13;39;45;-6;49;215,3;-5;63;23,5;4;0,694;43,75;0
2020;3;Atlético-MG;20;8;10;64;45;19;68;615,8;19,2;60;23,3;11;1,17;70,15;0
2020;9;Athletico-PR;15;8;15;38;36;2;53;324,8;134,4;71;22,1;5;0,435;30,85;0
2020;14;Bahia;12;8;18;48;59;-11;44;130,6;-50,6;68;23,1;1;0,583;39,68;0
2020;20;Botafogo;5;12;21;32;62;-30;27;156,5;-139;64;22,3;9;0,488;31,25;0
2020;11;Ceará;14;10;14;54;51;3;52;103,2;0,4;48;24,8;0;0,484;23,25;0
2020;12;Corinthians;13;12;13;45;45;0;51;474,3;-123,3;57;23,7;8;1,99;113,45;0
2020;19;Coritiba;7;10;21;31;54;-23;31;101,8;-22,2;61;24;4;0,581;35,45;0
2020;1;Flamengo;21;8;9;68;48;20;71;668,6;-106,9;64;22;9;1,64;105,1;1
2020;5;Fluminense;18;10;10;55;42;13;64;194,3;-2,9;57;23;3;0,483;27,53;0
2020;16;Fortaleza;10;11;17;34;44;-10;41;86,1;-9,7;44;25,4;4;0,447;19,65;0
2020;18;Goiás;9;10;19;41;63;-22;37;90,3;-3,1;71;22,8;7;0,411;29,2;0
2020;6;Grêmio;14;17;7;53;40;13;59;489;37,5;51;24,8;4;1,28;65,3;0
2020;2;Internacional;20;10;8;61;35;26;70;281,2;-91,8;52;23,4;10;1,31;68,25;0
2020;7;Palmeiras;15;13;10;51;37;14;58;611,8;-151;57;22,5;8;1,54;88;0
2020;8;Santos;14;12;12;52;51;1;54;239,8;-119,8;55;22,5;6;0,738;40,58;0
2020;4;São Paulo;18;12;8;59;41;18;66;358,4;-129,6;47;22,9;6;1,07;50,2;0
2020;15;Sport;12;6;20;31;50;-19;42;54,5;-3,7;59;23,5;3;0,464;27,38;0
2020;17;Vasco da Gama;10;11;17;37;56;-19;41;191,7;-64,4;50;23;5;0,778;38,9;0
2021;8;América-MG;13;14;11;41;37;4;53;98,8;-4,8;57;23,9;2;0,297;16,95;0
2021;1;Atlético-MG;26;6;6;67;34;33;84;475;101;48;23,9;8;2,22;106,45;1
2021;14;Athletico-PR;13;8;17;41;45;-4;47;261,8;66,3;63;21,5;5;0,498;31,35;0
2021;9;Atlético-GO;13;14;11;33;36;-3;53;113,2;30,7;63;22,1;2;0,392;24,7;0
2021;18;Bahia;11;10;17;42;51;-9;43;208,6;27,7;74;23;6;0,41;30,35;0
2021;11;Ceará;11;17;10;39;38;1;50;150,4;0,3;69;22,6;2;0,318;21,93;0
2021;5;Corinthians;15;12;11;40;36;4;57;502,6;5,7;50;23;6;2,65;132,35;0
2021;2;Flamengo;21;8;9;69;36;33;71;1082;177,6;62;22;5;2,99;185,6;0
2021;7;Fluminense;15;9;14;38;38;0;54;333,6;-2,1;63;23,2;7;0,621;39,13;0
2021;4;Fortaleza;17;7;14;44;45;-1;58;175,1;15,3;46;25,7;4;0,678;31,2;0
2021;17;Grêmio;12;7;19;44;51;-7;43;533;14,2;59;24;6;2,04;120,28;0
2021;12;Internacional;12;12;14;44;42;2;48;382,2;0,8;57;21,9;10;1,26;71,85;0
2021;3;Palmeiras;20;6;12;58;43;15;66;972,6;123,4;58;22,3;5;1,61;93,25;0
2021;10;Santos;12;14;12;35;40;-5;50;406,8;43,9;63;22,2;5;0,852;53,7;0
2021;13;São Paulo;11;15;12;31;39;-8;48;458,5;-106,5;51;23,2;9;1,41;71,9;0
2021;19;Sport;9;11;18;24;37;-13;38;83,6;-70,2;71;22,4;2;0,394;27,95;0
2022;1;Palmeiras;23;12;3;66;27;39;81;856;18,2;42;23,1;6;2,66;111,6;1
2022;10;América-MG;15;8;15;40;40;0;53;121,4;-21,2;56;24,4;7;0,439;24,58;0
2022;7;Atlético-MG;15;13;10;45;37;8;58;397,7;47,8;44;25;8;2,61;115;0
2022;6;Athletico-PR;16;10;12;48;48;0;58;349,1;47,6;67;21,9;9;1,06;70,93;0
2022;11;Botafogo;15;8;15;41;43;-2;53;271,7;123,4;62;24;6;1,35;83,45;0
2022;17;Ceará;7;16;15;34;41;-7;37;165,7;-6,2;52;24,5;2;0,532;27,65;0
2022;4;Corinthians;18;11;9;44;36;8;65;779,1;15;52;24,2;7;2,54;131,9;0
2022;15;Coritiba;12;6;20;39;60;-21;42;156,2;60,7;54;23,6;8;0,475;25,63;0
2022;16;Cuiabá;10;11;17;31;42;-11;41;124,6;25,8;63;22,8;3;0,425;26,75;0
2022;5;Flamengo;18;8;12;60;39;21;62;1177;135,7;61;23,1;5;2,98;181,95;0
2022;3;Fluminense;21;7;10;63;41;22;70;328,9;7;46;25,3;5;0,897;41,28;0
2022;8;Fortaleza;15;10;13;46;39;7;55;243,1;32,3;43;25,7;7;0,759;32,65;0
2022;13;Goiás;11;13;14;40;53;-13;46;106,6;13,1;70;22,2;0;0,303;21,2;0
2022;2;Internacional;20;13;5;58;31;27;73;466,6;1;51;24;9;2,05;104,43;0
2022;12;Santos;12;11;15;44;41;3;47;341,8;16,9;52;22,6;9;1;52,18;0
2022;9;São Paulo;13;15;10;55;42;13;54;650,8;37,5;48;23;10;1,41;67,88;0
2023;20;América-MG;5;9;24;42;81;-39;24;187,8;-22,1;54;25,1;8;0,633;34,18;0
2023;3;Atlético-MG;19;9;10;52;32;20;66;350,4;141,7;40;25,7;7;3,46;138,4;0
2023;8;Athletico-PR;14;14;10;51;43;8;56;898,9;383,2;53;22,5;8;1,09;57,73;0
2023;16;Bahia;12;8;18;50;53;-3;44;158,3;-66;72;21,4;5;0,979;70,5;0
2023;5;Botafogo;18;10;10;58;37;21;64;570;-101,09;64;24,1;14;1,98;126,43;0
2023;13;Corinthians;12;14;12;47;48;-1;50;1010;1,2;48;23,2;8;2,08;99,95;0
2023;14;Cruzeiro;11;14;13;35;32;3;47;243,8;260,1;51;23,5;1;1,23;62,75;0
2023;12;Cuiabá;14;9;15;40;39;1;51;168,5;37;46;24,2;3;0,465;21,38;0
2023;4;Flamengo;19;9;10;56;42;14;66;1374;320;58;22,4;5;3,33;193,1;0
2023;7;Fluminense;16;8;14;51;47;4;56;695;78;59;23,5;7;1,32;77,7;0
2023;10;Fortaleza;15;9;14;45;44;1;54;371,6;66,2;44;26;8;1,03;45,33;0
2023;18;Goiás;9;11;18;36;53;-17;38;186,4;82;64;23,9;2;0,435;27,83;0
2023;2;Grêmio;21;5;12;63;56;7;68;454;-45;62;23,5;10;1,61;99,98;0
2023;9;Internacional;15;10;13;46;45;1;55;654,5;170,3;41;25,4;10;1,88;77,15;0
2023;1;Palmeiras;20;10;8;64;33;31;70;908,9;8,5;42;23;7;2,87;120,5;1
2023;17;Santos;11;10;17;39;64;-25;43;424,4;1;56;24,2;11;1,68;94,2;0
2023;11;São Paulo;14;11;13;40;38;2;53;680,7;-62,2;50;23,5;11;2,24;112,18;0
2023;15;Vasco da Gama;12;9;17;41;51;-10;45;364;-123;70;22,7;10;1,04;72,85;0
2024;12;Atlético-MG;11;14;13;47;54;-7;47;674,1;299,3;44;25,1;10;2,99;131,35;0
2024;17;Athletico-PR;11;9;18;40;46;-6;42;288,1;23,4;54;22,4;9;1,2;64,6;0
2024;8;Bahia;15;8;15;49;49;0;53;273,3;-246,5;63;22,3;7;1,22;76,95;0
2024;1;Botafogo;23;10;5;59;29;30;79;719,7;-300;59;24,2;12;2,23;131,43;1
2024;7;Corinthians;15;11;12;54;45;9;56;1115;-181,7;57;23,2;11;2,55;145,5;0
2024;9;Cruzeiro;14;10;14;43;41;2;52;307,6;-169,9;51;23,6;8;1,99;101,68;0
2024;20;Cuiabá;6;12;20;29;49;-20;30;218,8;64,7;45;23,1;2;0,522;23,48;0
2024;11;Vitória;13;8;17;45;52;-7;47;177,4;-41,3;60;25,2;3;0,517;31;0
2024;3;Flamengo;20;10;8;61;42;19;70;1334;-0,7;69;21,5;10;3,1;214,15;0
2024;13;Fluminense;12;10;16;33;39;-6;46;684,2;0,1;67;24,7;9;1,48;98,95;0
2024;4;Fortaleza;19;11;8;53;39;14;68;231,5;-80,3;43;26,3;10;1,05;45,05;0
2024;14;Grêmio;12;9;17;44;50;-6;45;403,1;43,6;60;23,7;14;1,45;87;0
2024;5;Internacional;18;11;9;53;36;17;65;621;-34,5;51;25,1;12;2,42;123,23;0
2024;2;Palmeiras;22;7;9;60;33;27;73;1274;198,2;43;23,2;7;3,56;153,1;0
2024;6;São Paulo;17;8;13;53;43;10;59;731,9;-287;49;24,1;13;2,32;113,75;0
2024;10;Vasco da Gama;14;8;16;43;56;-13;50;299,9;-92,1;64;23,2;13;1,67;106,95;0
;;;;;;;;;;;;;;;;;
;;;;;;;;;;;;;;;;;
;;;;;;;;;;;;;;;;;
;;;;;;;;;;;;;;;;;
;;;;;;;;;;;;;;;;;
;;;;;;;;;;;;;;;;;
;;;;;;;;;;;;;;;;;
;;;;;;;;;;;;;;;;;
;;;;;;;;;;;;;;;;;
;;;;;;;;;;;;;;;;;
;;;;;;;;;;;;;;;;;
;;;;;;;;;;;;;;;;;
;;;;;;;;;;;;;;;;;
;;;;;;;;;;;;;;;;;
;;;;;;;;;;;;;;;;;
;;;;;;;;;;;;;;;;;
;;;;;;;;;;;;;;;;;
;;;;;;;;;;;;;;;;;
;;;;;;;;;;;;;;;;;
;;;;;;;;;;;;;;;;;
;;;;;;;;;;;;;;;;;
;;;;;;;;;;;;;;;;;
;;;;;;;;;;;;;;;;;
;;;;;;;;;;;;;;;;;
;;;;;;;;;;;;;;;;;
;;;;;;;;;;;;;;;;;
;;;;;;;;;;;;;;;;;
;;;;;;;;;;;;;;;;;
;;;;;;;;;;;;;;;;;
;;;;;;;;;;;;;;;;;
;;;;;;;;;;;;;;;;;
;;;;;;;;;;;;;;;;;
;;;;;;;;;;;;;;;;;
;;;;;;;;;;;;;;;;;
;;;;;;;;;;;;;;;;;
;;;;;;;;;;;;;;;;;
;;;;;;;;;;;;;;;;;
;;;;;;;;;;;;;;;;;
;;;;;;;;;;;;;;;;;
;;;;;;;;;;;;;;;;;
;;;;;;;;;;;;;;;;;
;;;;;;;;;;;;;;;;;
;;;;;;;;;;;;;;;;;
;;;;;;;;;;;;;;;;;
;;;;;;;;;;;;;;;;;
;;;;;;;;;;;;;;;;;
;;;;;;;;;;;;;;;;;
;;;;;;;;;;;;;;;;;
;;;;;;;;;;;;;;;;;
;;;;;;;;;;;;;;;;;
;;;;;;;;;;;;;;;;;
;;;;;;;;;;;;;;;;;
;;;;;;;;;;;;;;;;;
;;;;;;;;;;;;;;;;;
;;;;;;;;;;;;;;;;;
;;;;;;;;;;;;;;;;;
;;;;;;;;;;;;;;;;;
;;;;;;;;;;;;;;;;;
;;;;;;;;;;;;;;;;;
;;;;;;;;;;;;;;;;;
;;;;;;;;;;;;;;;;;
;;;;;;;;;;;;;;;;;
;;;;;;;;;;;;;;;;;
;;;;;;;;;;;;;;;;;
;;;;;;;;;;;;;;;;;
;;;;;;;;;;;;;;;;;
;;;;;;;;;;;;;;;;;
;;;;;;;;;;;;;;;;;
;;;;;;;;;;;;;;;;;
;;;;;;;;;;;;;;;;;
;;;;;;;;;;;;;;;;;
;;;;;;;;;;;;;;;;;
;;;;;;;;;;;;;;;;;
;;;;;;;;;;;;;;;;;
;;;;;;;;;;;;;;;;;
;;;;;;;;;;;;;;;;;
;;;;;;;;;;;;;;;;;
;;;;;;;;;;;;;;;;;
;;;;;;;;;;;;;;;;;
;;;;;;;;;;;;;;;;;
;;;;;;;;;;;;;;;;;
;;;;;;;;;;;;;;;;;
;;;;;;;;;;;;;;;;;
;;;;;;;;;;;;;;;;;
;;;;;;;;;;;;;;;;;
;;;;;;;;;;;;;;;;;
;;;;;;;;;;;;;;;;;
;;;;;;;;;;;;;;;;;
;;;;;;;;;;;;;;;;;
;;;;;;;;;;;;;;;;;
;;;;;;;;;;;;;;;;;
;;;;;;;;;;;;;;;;;
;;;;;;;;;;;;;;;;;
;;;;;;;;;;;;;;;;;
;;;;;;;;;;;;;;;;;
;;;;;;;;;;;;;;;;;
;;;;;;;;;;;;;;;;;
;;;;;;;;;;;;;;;;;
;;;;;;;;;;;;;;;;;
;;;;;;;;;;;;;;;;;
;;;;;;;;;;;;;;;;;
;;;;;;;;;;;;;;;;;
;;;;;;;;;;;;;;;;;
;;;;;;;;;;;;;;;;;
;;;;;;;;;;;;;;;;;
;;;;;;;;;;;;;;;;;
;;;;;;;;;;;;;;;;;
;;;;;;;;;;;;;;;;;
;;;;;;;;;;;;;;;;;
;;;;;;;;;;;;;;;;;
;;;;;;;;;;;;;;;;;
;;;;;;;;;;;;;;;;;
;;;;;;;;;;;;;;;;;
;;;;;;;;;;;;;;;;;
;;;;;;;;;;;;;;;;;
;;;;;;;;;;;;;;;;;
;;;;;;;;;;;;;;;;;
;;;;;;;;;;;;;;;;;
;;;;;;;;;;;;;;;;;
;;;;;;;;;;;;;;;;;
;;;;;;;;;;;;;;;;;
;;;;;;;;;;;;;;;;;
;;;;;;;;;;;;;;;;;
;;;;;;;;;;;;;;;;;
;;;;;;;;;;;;;;;;;
;;;;;;;;;;;;;;;;;
;;;;;;;;;;;;;;;;;
;;;;;;;;;;;;;;;;;
;;;;;;;;;;;;;;;;;
;;;;;;;;;;;;;;;;;
;;;;;;;;;;;;;;;;;
;;;;;;;;;;;;;;;;;
;;;;;;;;;;;;;;;;;
;;;;;;;;;;;;;;;;;
;;;;;;;;;;;;;;;;;
;;;;;;;;;;;;;;;;;
;;;;;;;;;;;;;;;;;
;;;;;;;;;;;;;;;;;
;;;;;;;;;;;;;;;;;
;;;;;;;;;;;;;;;;;
;;;;;;;;;;;;;;;;;
;;;;;;;;;;;;;;;;;
;;;;;;;;;;;;;;;;;
;;;;;;;;;;;;;;;;;
;;;;;;;;;;;;;;;;;
;;;;;;;;;;;;;;;;;
;;;;;;;;;;;;;;;;;
;;;;;;;;;;;;;;;;;
;;;;;;;;;;;;;;;;;
;;;;;;;;;;;;;;;;;
;;;;;;;;;;;;;;;;;
;;;;;;;;;;;;;;;;;
;;;;;;;;;;;;;;;;;
;;;;;;;;;;;;;;;;;
;;;;;;;;;;;;;;;;;
;;;;;;;;;;;;;;;;;
;;;;;;;;;;;;;;;;;
;;;;;;;;;;;;;;;;;
;;;;;;;;;;;;;;;;;
;;;;;;;;;;;;;;;;;
;;;;;;;;;;;;;;;;;
;;;;;;;;;;;;;;;;;
;;;;;;;;;;;;;;;;;
;;;;;;;;;;;;;;;;;
;;;;;;;;;;;;;;;;;
;;;;;;;;;;;;;;;;;
;;;;;;;;;;;;;;;;;
;;;;;;;;;;;;;;;;;
;;;;;;;;;;;;;;;;;
;;;;;;;;;;;;;;;;;
;;;;;;;;;;;;;;;;;
;;;;;;;;;;;;;;;;;
;;;;;;;;;;;;;;;;;
;;;;;;;;;;;;;;;;;
;;;;;;;;;;;;;;;;;
;;;;;;;;;;;;;;;;;
;;;;;;;;;;;;;;;;;
;;;;;;;;;;;;;;;;;
;;;;;;;;;;;;;;;;;
;;;;;;;;;;;;;;;;;
;;;;;;;;;;;;;;;;;
;;;;;;;;;;;;;;;;;
;;;;;;;;;;;;;;;;;
;;;;;;;;;;;;;;;;;
;;;;;;;;;;;;;;;;;
;;;;;;;;;;;;;;;;;
;;;;;;;;;;;;;;;;;
;;;;;;;;;;;;;;;;;
;;;;;;;;;;;;;;;;;
;;;;;;;;;;;;;;;;;
;;;;;;;;;;;;;;;;;
;;;;;;;;;;;;;;;;;
;;;;;;;;;;;;;;;;;
;;;;;;;;;;;;;;;;;
;;;;;;;;;;;;;;;;;
;;;;;;;;;;;;;;;;;
;;;;;;;;;;;;;;;;;
;;;;;;;;;;;;;;;;;
;;;;;;;;;;;;;;;;;
;;;;;;;;;;;;;;;;;
;;;;;;;;;;;;;;;;;
;;;;;;;;;;;;;;;;;
;;;;;;;;;;;;;;;;;
;;;;;;;;;;;;;;;;;
;;;;;;;;;;;;;;;;;
;;;;;;;;;;;;;;;;;
;;;;;;;;;;;;;;;;;
;;;;;;;;;;;;;;;;;
;;;;;;;;;;;;;;;;;
;;;;;;;;;;;;;;;;;
;;;;;;;;;;;;;;;;;
;;;;;;;;;;;;;;;;;
;;;;;;;;;;;;;;;;;
;;;;;;;;;;;;;;;;;
;;;;;;;;;;;;;;;;;
;;;;;;;;;;;;;;;;;
;;;;;;;;;;;;;;;;;
;;;;;;;;;;;;;;;;;
;;;;;;;;;;;;;;;;;
;;;;;;;;;;;;;;;;;
;;;;;;;;;;;;;;;;;
;;;;;;;;;;;;;;;;;
;;;;;;;;;;;;;;;;;
;;;;;;;;;;;;;;;;;
;;;;;;;;;;;;;;;;;
;;;;;;;;;;;;;;;;;
;;;;;;;;;;;;;;;;;
;;;;;;;;;;;;;;;;;
;;;;;;;;;;;;;;;;;
;;;;;;;;;;;;;;;;;
;;;;;;;;;;;;;;;;;
;;;;;;;;;;;;;;;;;
;;;;;;;;;;;;;;;;;
;;;;;;;;;;;;;;;;;
;;;;;;;;;;;;;;;;;
;;;;;;;;;;;;;;;;;
;;;;;;;;;;;;;;;;;
;;;;;;;;;;;;;;;;;
;;;;;;;;;;;;;;;;;
;;;;;;;;;;;;;;;;;
;;;;;;;;;;;;;;;;;
;;;;;;;;;;;;;;;;;
;;;;;;;;;;;;;;;;;
;;;;;;;;;;;;;;;;;
;;;;;;;;;;;;;;;;;
;;;;;;;;;;;;;;;;;
;;;;;;;;;;;;;;;;;
;;;;;;;;;;;;;;;;;
;;;;;;;;;;;;;;;;;
;;;;;;;;;;;;;;;;;
;;;;;;;;;;;;;;;;;
;;;;;;;;;;;;;;;;;
;;;;;;;;;;;;;;;;;
;;;;;;;;;;;;;;;;;
;;;;;;;;;;;;;;;;;
;;;;;;;;;;;;;;;;;
;;;;;;;;;;;;;;;;;
;;;;;;;;;;;;;;;;;
;;;;;;;;;;;;;;;;;
;;;;;;;;;;;;;;;;;
;;;;;;;;;;;;;;;;;
;;;;;;;;;;;;;;;;;
;;;;;;;;;;;;;;;;;
;;;;;;;;;;;;;;;;;
;;;;;;;;;;;;;;;;;
;;;;;;;;;;;;;;;;;
;;;;;;;;;;;;;;;;;
;;;;;;;;;;;;;;;;;
;;;;;;;;;;;;;;;;;
;;;;;;;;;;;;;;;;;
;;;;;;;;;;;;;;;;;
;;;;;;;;;;;;;;;;;
;;;;;;;;;;;;;;;;;
;;;;;;;;;;;;;;;;;
;;;;;;;;;;;;;;;;;
;;;;;;;;;;;;;;;;;
;;;;;;;;;;;;;;;;;
;;;;;;;;;;;;;;;;;
;;;;;;;;;;;;;;;;;
;;;;;;;;;;;;;;;;;
;;;;;;;;;;;;;;;;;
;;;;;;;;;;;;;;;;;
;;;;;;;;;;;;;;;;;
;;;;;;;;;;;;;;;;;
;;;;;;;;;;;;;;;;;
;;;;;;;;;;;;;;;;;
;;;;;;;;;;;;;;;;;
;;;;;;;;;;;;;;;;;
;;;;;;;;;;;;;;;;;
;;;;;;;;;;;;;;;;;
;;;;;;;;;;;;;;;;;
;;;;;;;;;;;;;;;;;
;;;;;;;;;;;;;;;;;
;;;;;;;;;;;;;;;;;
;;;;;;;;;;;;;;;;;
;;;;;;;;;;;;;;;;;
;;;;;;;;;;;;;;;;;
;;;;;;;;;;;;;;;;;
;;;;;;;;;;;;;;;;;
;;;;;;;;;;;;;;;;;
;;;;;;;;;;;;;;;;;
;;;;;;;;;;;;;;;;;
;;;;;;;;;;;;;;;;;
;;;;;;;;;;;;;;;;;
;;;;;;;;;;;;;;;;;
;;;;;;;;;;;;;;;;;
;;;;;;;;;;;;;;;;;
;;;;;;;;;;;;;;;;;
;;;;;;;;;;;;;;;;;
;;;;;;;;;;;;;;;;;
;;;;;;;;;;;;;;;;;
;;;;;;;;;;;;;;;;;
;;;;;;;;;;;;;;;;;
;;;;;;;;;;;;;;;;;
;;;;;;;;;;;;;;;;;
;;;;;;;;;;;;;;;;;
;;;;;;;;;;;;;;;;;
;;;;;;;;;;;;;;;;;
;;;;;;;;;;;;;;;;;
;;;;;;;;;;;;;;;;;
;;;;;;;;;;;;;;;;;
;;;;;;;;;;;;;;;;;
;;;;;;;;;;;;;;;;;
;;;;;;;;;;;;;;;;;
;;;;;;;;;;;;;;;;;
;;;;;;;;;;;;;;;;;
;;;;;;;;;;;;;;;;;
;;;;;;;;;;;;;;;;;
;;;;;;;;;;;;;;;;;
;;;;;;;;;;;;;;;;;
;;;;;;;;;;;;;;;;;
;;;;;;;;;;;;;;;;;
;;;;;;;;;;;;;;;;;
;;;;;;;;;;;;;;;;;
;;;;;;;;;;;;;;;;;
;;;;;;;;;;;;;;;;;
;;;;;;;;;;;;;;;;;
;;;;;;;;;;;;;;;;;
;;;;;;;;;;;;;;;;;
;;;;;;;;;;;;;;;;;
;;;;;;;;;;;;;;;;;
;;;;;;;;;;;;;;;;;
;;;;;;;;;;;;;;;;;
;;;;;;;;;;;;;;;;;
;;;;;;;;;;;;;;;;;
;;;;;;;;;;;;;;;;;
;;;;;;;;;;;;;;;;;
;;;;;;;;;;;;;;;;;
;;;;;;;;;;;;;;;;;
;;;;;;;;;;;;;;;;;
;;;;;;;;;;;;;;;;;
;;;;;;;;;;;;;;;;;
;;;;;;;;;;;;;;;;;
;;;;;;;;;;;;;;;;;
;;;;;;;;;;;;;;;;;
;;;;;;;;;;;;;;;;;
;;;;;;;;;;;;;;;;;
;;;;;;;;;;;;;;;;;
;;;;;;;;;;;;;;;;;
;;;;;;;;;;;;;;;;;
;;;;;;;;;;;;;;;;;
;;;;;;;;;;;;;;;;;
;;;;;;;;;;;;;;;;;
;;;;;;;;;;;;;;;;;
;;;;;;;;;;;;;;;;;
;;;;;;;;;;;;;;;;;
;;;;;;;;;;;;;;;;;
;;;;;;;;;;;;;;;;;
;;;;;;;;;;;;;;;;;
;;;;;;;;;;;;;;;;;
;;;;;;;;;;;;;;;;;
;;;;;;;;;;;;;;;;;
;;;;;;;;;;;;;;;;;
;;;;;;;;;;;;;;;;;
;;;;;;;;;;;;;;;;;
;;;;;;;;;;;;;;;;;
;;;;;;;;;;;;;;;;;
;;;;;;;;;;;;;;;;;
;;;;;;;;;;;;;;;;;
;;;;;;;;;;;;;;;;;
;;;;;;;;;;;;;;;;;
;;;;;;;;;;;;;;;;;
;;;;;;;;;;;;;;;;;
;;;;;;;;;;;;;;;;;
;;;;;;;;;;;;;;;;;
;;;;;;;;;;;;;;;;;
;;;;;;;;;;;;;;;;;
;;;;;;;;;;;;;;;;;
;;;;;;;;;;;;;;;;;
;;;;;;;;;;;;;;;;;
;;;;;;;;;;;;;;;;;
;;;;;;;;;;;;;;;;;
;;;;;;;;;;;;;;;;;
;;;;;;;;;;;;;;;;;
;;;;;;;;;;;;;;;;;
;;;;;;;;;;;;;;;;;
;;;;;;;;;;;;;;;;;
;;;;;;;;;;;;;;;;;
;;;;;;;;;;;;;;;;;
;;;;;;;;;;;;;;;;;
;;;;;;;;;;;;;;;;;
;;;;;;;;;;;;;;;;;
;;;;;;;;;;;;;;;;;
;;;;;;;;;;;;;;;;;
;;;;;;;;;;;;;;;;;
;;;;;;;;;;;;;;;;;
;;;;;;;;;;;;;;;;;
;;;;;;;;;;;;;;;;;
;;;;;;;;;;;;;;;;;
;;;;;;;;;;;;;;;;;
;;;;;;;;;;;;;;;;;
;;;;;;;;;;;;;;;;;
;;;;;;;;;;;;;;;;;
;;;;;;;;;;;;;;;;;
;;;;;;;;;;;;;;;;;
;;;;;;;;;;;;;;;;;
;;;;;;;;;;;;;;;;;
;;;;;;;;;;;;;;;;;
;;;;;;;;;;;;;;;;;
;;;;;;;;;;;;;;;;;
;;;;;;;;;;;;;;;;;
;;;;;;;;;;;;;;;;;
;;;;;;;;;;;;;;;;;
;;;;;;;;;;;;;;;;;
;;;;;;;;;;;;;;;;;
;;;;;;;;;;;;;;;;;
;;;;;;;;;;;;;;;;;
;;;;;;;;;;;;;;;;;
;;;;;;;;;;;;;;;;;
;;;;;;;;;;;;;;;;;
;;;;;;;;;;;;;;;;;
;;;;;;;;;;;;;;;;;
;;;;;;;;;;;;;;;;;
;;;;;;;;;;;;;;;;;
;;;;;;;;;;;;;;;;;
;;;;;;;;;;;;;;;;;
;;;;;;;;;;;;;;;;;
;;;;;;;;;;;;;;;;;
;;;;;;;;;;;;;;;;;
;;;;;;;;;;;;;;;;;
;;;;;;;;;;;;;;;;;
;;;;;;;;;;;;;;;;;
;;;;;;;;;;;;;;;;;
;;;;;;;;;;;;;;;;;
;;;;;;;;;;;;;;;;;
;;;;;;;;;;;;;;;;;
;;;;;;;;;;;;;;;;;
;;;;;;;;;;;;;;;;;
;;;;;;;;;;;;;;;;;
;;;;;;;;;;;;;;;;;
;;;;;;;;;;;;;;;;;
;;;;;;;;;;;;;;;;;
;;;;;;;;;;;;;;;;;
;;;;;;;;;;;;;;;;;
;;;;;;;;;;;;;;;;;
;;;;;;;;;;;;;;;;;
;;;;;;;;;;;;;;;;;
;;;;;;;;;;;;;;;;;
;;;;;;;;;;;;;;;;;
;;;;;;;;;;;;;;;;;
;;;;;;;;;;;;;;;;;
;;;;;;;;;;;;;;;;;
;;;;;;;;;;;;;;;;;
;;;;;;;;;;;;;;;;;
;;;;;;;;;;;;;;;;;
;;;;;;;;;;;;;;;;;
;;;;;;;;;;;;;;;;;
;;;;;;;;;;;;;;;;;
;;;;;;;;;;;;;;;;;
;;;;;;;;;;;;;;;;;
;;;;;;;;;;;;;;;;;
;;;;;;;;;;;;;;;;;
;;;;;;;;;;;;;;;;;
;;;;;;;;;;;;;;;;;
;;;;;;;;;;;;;;;;;
;;;;;;;;;;;;;;;;;
;;;;;;;;;;;;;;;;;
;;;;;;;;;;;;;;;;;
;;;;;;;;;;;;;;;;;
;;;;;;;;;;;;;;;;;
;;;;;;;;;;;;;;;;;
;;;;;;;;;;;;;;;;;
;;;;;;;;;;;;;;;;;
;;;;;;;;;;;;;;;;;
;;;;;;;;;;;;;;;;;
;;;;;;;;;;;;;;;;;
;;;;;;;;;;;;;;;;;
;;;;;;;;;;;;;;;;;
;;;;;;;;;;;;;;;;;
;;;;;;;;;;;;;;;;;
;;;;;;;;;;;;;;;;;
;;;;;;;;;;;;;;;;;
;;;;;;;;;;;;;;;;;
;;;;;;;;;;;;;;;;;
;;;;;;;;;;;;;;;;;
;;;;;;;;;;;;;;;;;
;;;;;;;;;;;;;;;;;
;;;;;;;;;;;;;;;;;
;;;;;;;;;;;;;;;;;
;;;;;;;;;;;;;;;;;
;;;;;;;;;;;;;;;;;
;;;;;;;;;;;;;;;;;
;;;;;;;;;;;;;;;;;
;;;;;;;;;;;;;;;;;
;;;;;;;;;;;;;;;;;
;;;;;;;;;;;;;;;;;
;;;;;;;;;;;;;;;;;
;;;;;;;;;;;;;;;;;
;;;;;;;;;;;;;;;;;
;;;;;;;;;;;;;;;;;
;;;;;;;;;;;;;;;;;
;;;;;;;;;;;;;;;;;
;;;;;;;;;;;;;;;;;
;;;;;;;;;;;;;;;;;
;;;;;;;;;;;;;;;;;
;;;;;;;;;;;;;;;;;
;;;;;;;;;;;;;;;;;
;;;;;;;;;;;;;;;;;
;;;;;;;;;;;;;;;;;
;;;;;;;;;;;;;;;;;
;;;;;;;;;;;;;;;;;
;;;;;;;;;;;;;;;;;
;;;;;;;;;;;;;;;;;
;;;;;;;;;;;;;;;;;
;;;;;;;;;;;;;;;;;
;;;;;;;;;;;;;;;;;
;;;;;;;;;;;;;;;;;
;;;;;;;;;;;;;;;;;
;;;;;;;;;;;;;;;;;
;;;;;;;;;;;;;;;;;
;;;;;;;;;;;;;;;;;
;;;;;;;;;;;;;;;;;
;;;;;;;;;;;;;;;;;
;;;;;;;;;;;;;;;;;
;;;;;;;;;;;;;;;;;
;;;;;;;;;;;;;;;;;
;;;;;;;;;;;;;;;;;
;;;;;;;;;;;;;;;;;
;;;;;;;;;;;;;;;;;
;;;;;;;;;;;;;;;;;
;;;;;;;;;;;;;;;;;
;;;;;;;;;;;;;;;;;
;;;;;;;;;;;;;;;;;
;;;;;;;;;;;;;;;;;
;;;;;;;;;;;;;;;;;
;;;;;;;;;;;;;;;;;
;;;;;;;;;;;;;;;;;
;;;;;;;;;;;;;;;;;
;;;;;;;;;;;;;;;;;
;;;;;;;;;;;;;;;;;
;;;;;;;;;;;;;;;;;
;;;;;;;;;;;;;;;;;
;;;;;;;;;;;;;;;;;
;;;;;;;;;;;;;;;;;
;;;;;;;;;;;;;;;;;
;;;;;;;;;;;;;;;;;
;;;;;;;;;;;;;;;;;
;;;;;;;;;;;;;;;;;
;;;;;;;;;;;;;;;;;
;;;;;;;;;;;;;;;;;
;;;;;;;;;;;;;;;;;
;;;;;;;;;;;;;;;;;
;;;;;;;;;;;;;;;;;
;;;;;;;;;;;;;;;;;
;;;;;;;;;;;;;;;;;
;;;;;;;;;;;;;;;;;
;;;;;;;;;;;;;;;;;
;;;;;;;;;;;;;;;;;
;;;;;;;;;;;;;;;;;
;;;;;;;;;;;;;;;;;
;;;;;;;;;;;;;;;;;
;;;;;;;;;;;;;;;;;
;;;;;;;;;;;;;;;;;
;;;;;;;;;;;;;;;;;
;;;;;;;;;;;;;;;;;
;;;;;;;;;;;;;;;;;
;;;;;;;;;;;;;;;;;
;;;;;;;;;;;;;;;;;
;;;;;;;;;;;;;;;;;
;;;;;;;;;;;;;;;;;
;;;;;;;;;;;;;;;;;
;;;;;;;;;;;;;;;;;
;;;;;;;;;;;;;;;;;
;;;;;;;;;;;;;;;;;
;;;;;;;;;;;;;;;;;
;;;;;;;;;;;;;;;;;
;;;;;;;;;;;;;;;;;
;;;;;;;;;;;;;;;;;
;;;;;;;;;;;;;;;;;
;;;;;;;;;;;;;;;;;
;;;;;;;;;;;;;;;;;
;;;;;;;;;;;;;;;;;
;;;;;;;;;;;;;;;;;
;;;;;;;;;;;;;;;;;
;;;;;;;;;;;;;;;;;
;;;;;;;;;;;;;;;;;
;;;;;;;;;;;;;;;;;
;;;;;;;;;;;;;;;;;
;;;;;;;;;;;;;;;;;
;;;;;;;;;;;;;;;;;
;;;;;;;;;;;;;;;;;
;;;;;;;;;;;;;;;;;
;;;;;;;;;;;;;;;;;
;;;;;;;;;;;;;;;;;
;;;;;;;;;;;;;;;;;
;;;;;;;;;;;;;;;;;
;;;;;;;;;;;;;;;;;
;;;;;;;;;;;;;;;;;
;;;;;;;;;;;;;;;;;
;;;;;;;;;;;;;;;;;
;;;;;;;;;;;;;;;;;
;;;;;;;;;;;;;;;;;
;;;;;;;;;;;;;;;;;
;;;;;;;;;;;;;;;;;
;;;;;;;;;;;;;;;;;
;;;;;;;;;;;;;;;;;
;;;;;;;;;;;;;;;;;
;;;;;;;;;;;;;;;;;
;;;;;;;;;;;;;;;;;
;;;;;;;;;;;;;;;;;
;;;;;;;;;;;;;;;;;
;;;;;;;;;;;;;;;;;
;;;;;;;;;;;;;;;;;
;;;;;;;;;;;;;;;;;
;;;;;;;;;;;;;;;;;
;;;;;;;;;;;;;;;;;
;;;;;;;;;;;;;;;;;
;;;;;;;;;;;;;;;;;
;;;;;;;;;;;;;;;;;
;;;;;;;;;;;;;;;;;
;;;;;;;;;;;;;;;;;
;;;;;;;;;;;;;;;;;
;;;;;;;;;;;;;;;;;
;;;;;;;;;;;;;;;;;
;;;;;;;;;;;;;;;;;
;;;;;;;;;;;;;;;;;
;;;;;;;;;;;;;;;;;
;;;;;;;;;;;;;;;;;
;;;;;;;;;;;;;;;;;
;;;;;;;;;;;;;;;;;
;;;;;;;;;;;;;;;;;
;;;;;;;;;;;;;;;;;
;;;;;;;;;;;;;;;;;
;;;;;;;;;;;;;;;;;
;;;;;;;;;;;;;;;;;
;;;;;;;;;;;;;;;;;
;;;;;;;;;;;;;;;;;
;;;;;;;;;;;;;;;;;
;;;;;;;;;;;;;;;;;
;;;;;;;;;;;;;;;;;
;;;;;;;;;;;;;;;;;
;;;;;;;;;;;;;;;;;
;;;;;;;;;;;;;;;;;
;;;;;;;;;;;;;;;;;
;;;;;;;;;;;;;;;;;
;;;;;;;;;;;;;;;;;
;;;;;;;;;;;;;;;;;
;;;;;;;;;;;;;;;;;
;;;;;;;;;;;;;;;;;
;;;;;;;;;;;;;;;;;
;;;;;;;;;;;;;;;;;
;;;;;;;;;;;;;;;;;
;;;;;;;;;;;;;;;;;
;;;;;;;;;;;;;;;;;
;;;;;;;;;;;;;;;;;
;;;;;;;;;;;;;;;;;
;;;;;;;;;;;;;;;;;
;;;;;;;;;;;;;;;;;
;;;;;;;;;;;;;;;;;
;;;;;;;;;;;;;;;;;
;;;;;;;;;;;;;;;;;
;;;;;;;;;;;;;;;;;
;;;;;;;;;;;;;;;;;
;;;;;;;;;;;;;;;;;
;;;;;;;;;;;;;;;;;
;;;;;;;;;;;;;;;;;
;;;;;;;;;;;;;;;;;
;;;;;;;;;;;;;;;;;
;;;;;;;;;;;;;;;;;
;;;;;;;;;;;;;;;;;
;;;;;;;;;;;;;;;;;
;;;;;;;;;;;;;;;;;
;;;;;;;;;;;;;;;;;
;;;;;;;;;;;;;;;;;
;;;;;;;;;;;;;;;;;
;;;;;;;;;;;;;;;;;
;;;;;;;;;;;;;;;;;
;;;;;;;;;;;;;;;;;
;;;;;;;;;;;;;;;;;
;;;;;;;;;;;;;;;;;
;;;;;;;;;;;;;;;;;
;;;;;;;;;;;;;;;;;
;;;;;;;;;;;;;;;;;
;;;;;;;;;;;;;;;;;
;;;;;;;;;;;;;;;;;
;;;;;;;;;;;;;;;;;
;;;;;;;;;;;;;;;;;
;;;;;;;;;;;;;;;;;
